{"sl_props_page_bg_color":"","search-box-bg":{"background-color":"#00bbff","background-gradient-color":"rgba(62,42,211,0.8)","background-gradient-direction":"135deg","background-image":{"url":"https:\/\/luxus.wplistingthemes.com\/wp-content\/uploads\/2021\/06\/title-bg-1.webp","id":"3946","width":"1600","height":"609","thumbnail":"https:\/\/luxus.wplistingthemes.com\/wp-content\/uploads\/2021\/06\/title-bg-1-150x150.webp","alt":"","title":"title-bg-1","description":""},"background-position":"center center","background-repeat":"no-repeat","background-attachment":"","background-size":"cover"},"search-box-pt":"70","search-box-pb":"70","search-box-mt":"0","search-box-mb":"0","properties-sidebar-position":"right-sidebar","properties-post-view":"list-view","properties-show":"10","property-currency":"$","property-area-units":"m\u00b2","enable-save-search":"1","frontend-property-posting":"1","can-posts-from-dashboard":"premium","can-post-props":"10","user-post-status":"pending","sl_halfmap_page_bg_color":"","half-map-properties-post-view":"grid-view","half-map-properties-show":"10","half-map-enable-save-search":"1","half-map-possition":"right","half-map-map":"osmap","half-map-lat":"","half-map-lng":"","half-map-zoom":"","half-map-marker":{"url":"https:\/\/luxus.wplistingthemes.com\/wp-content\/uploads\/2021\/08\/map-pin.webp","id":"4699","width":"50","height":"59","thumbnail":"https:\/\/luxus.wplistingthemes.com\/wp-content\/uploads\/2021\/08\/map-pin.webp","alt":"","title":"map-pin","description":""},"marker-img-width":"35","marker-img-height":"41","half-map-show-mobile":"yes","sl_props_single_bg_color":"","property-single-sidebar-position":"left-sidebar","property-single-enable-video":"1","property-single-enable-virtual-tour":"1","property-single-enable-map":"1","property-single-enable-contact":"1","property-single-enable-schedule-tour":"1","property-single-enable-relative":"1","property-single-enable-reviews":"1","property-single-pt":"0","property-single-pb":"60","sl_props_archive_bg_color":"","property-archive-title-bg":{"background-color":"#00bbff","background-gradient-color":"rgba(62,42,211,0.8)","background-gradient-direction":"135deg","background-image":{"url":"https:\/\/luxus.wplistingthemes.com\/wp-content\/uploads\/2021\/06\/title-bg-1.webp","id":"3946","width":"1600","height":"609","thumbnail":"https:\/\/luxus.wplistingthemes.com\/wp-content\/uploads\/2021\/06\/title-bg-1-150x150.webp","alt":"","title":"title-bg-1","description":""},"background-position":"center center","background-repeat":"no-repeat","background-attachment":"","background-size":"cover"},"property-archive-title":{"font-family":"Inter","font-weight":"700","font-style":"","subset":"","text-align":"","text-transform":"","font-size":"34","line-height":"44","letter-spacing":"0","color":"#ffffff","type":"google","unit":"px"},"property-archive-title-pt":"75","property-archive-title-pb":"80","property-archive-title-mt":"0","property-archive-title-mb":"0","property-archive-sidebar-position":"right-sidebar","property-archive-post-view":"list-view","property-archive-pt":"60","property-archive-pb":"60","sl_agents_page_bg_color":"","agent-enable-page-title":"1","agent-page-header-bg":{"background-color":"#00bbff","background-gradient-color":"rgba(62,42,211,0.8)","background-gradient-direction":"135deg","background-image":{"url":"https:\/\/luxus.wplistingthemes.com\/wp-content\/uploads\/2021\/06\/title-bg-1.webp","id":"3946","width":"1600","height":"609","thumbnail":"https:\/\/luxus.wplistingthemes.com\/wp-content\/uploads\/2021\/06\/title-bg-1-150x150.webp","alt":"","title":"title-bg-1","description":""},"background-position":"center center","background-repeat":"no-repeat","background-attachment":"","background-size":"cover"},"agent-page-title":{"font-family":"Inter","font-weight":"700","font-style":"","subset":"","text-align":"","text-transform":"","font-size":"34","line-height":"44","letter-spacing":"0","color":"#ffffff","type":"google","unit":"px"},"agent-page-header-pt":"60","agent-page-header-pb":"60","agent-page-header-mt":"0","agent-page-header-mb":"0","agent-enable-breadcrumb":"1","agent-breadcrumb":{"font-family":"Roboto","font-weight":"normal","font-style":"","subset":"","text-align":"","text-transform":"","font-size":"16","line-height":"28","letter-spacing":"0","color":"#ffffff","type":"google","unit":"px"},"agents-sidebar-position":"right-sidebar","agents-post-style":"style-one","agent-enable-social-icons":"1","agents-show":"8","sl_agent_single_bg_color":"","agent-single-title-bg":{"background-color":"#00bbff","background-gradient-color":"rgba(62,42,211,0.8)","background-gradient-direction":"135deg","background-image":{"url":"https:\/\/luxus.wplistingthemes.com\/wp-content\/uploads\/2021\/06\/title-bg-1.webp","id":"3946","width":"1600","height":"609","thumbnail":"https:\/\/luxus.wplistingthemes.com\/wp-content\/uploads\/2021\/06\/title-bg-1-150x150.webp","alt":"","title":"title-bg-1","description":""},"background-position":"center center","background-repeat":"no-repeat","background-attachment":"","background-size":"cover"},"agent-single-title":{"font-family":"Inter","font-weight":"700","font-style":"","subset":"","text-align":"","text-transform":"","font-size":"34","line-height":"44","letter-spacing":"0","color":"#ffffff","type":"google","unit":"px"},"agent-single-title-pt":"60","agent-single-title-pb":"60","agent-single-title-mt":"0","agent-single-title-mb":"0","agent-enable-address":"1","agent-single-address":{"font-family":"Roboto","font-weight":"normal","font-style":"","subset":"","text-align":"","text-transform":"","font-size":"16","line-height":"28","letter-spacing":"0","color":"#ffffff","type":"google","unit":"px"},"agent-single-sidebar-position":"left-sidebar","agent-single-post-view":"grid-view","agent-enable-reviews":"1","agent-enable-map":"1","agent-single-content-pt":"60","agent-single-content-pb":"60","sl_agencies_page_bg_color":"","agency-enable-page-title":"1","agency-page-header-bg":{"background-color":"#00bbff","background-gradient-color":"rgba(62,42,211,0.8)","background-gradient-direction":"135deg","background-image":{"url":"https:\/\/luxus.wplistingthemes.com\/wp-content\/uploads\/2021\/06\/title-bg-1.webp","id":"3946","width":"1600","height":"609","thumbnail":"https:\/\/luxus.wplistingthemes.com\/wp-content\/uploads\/2021\/06\/title-bg-1-150x150.webp","alt":"","title":"title-bg-1","description":""},"background-position":"center center","background-repeat":"repeat","background-attachment":"","background-size":"cover"},"agency-page-title":{"font-family":"Inter","font-weight":"700","font-style":"","subset":"","text-align":"","text-transform":"","font-size":"34","line-height":"44","letter-spacing":"0","color":"#ffffff","type":"google","unit":"px"},"agency-page-header-pt":"60","agency-page-header-pb":"60","agency-page-header-mt":"0","agency-page-header-mb":"0","agency-enable-breadcrumb":"1","agency-breadcrumb":{"font-family":"Roboto","font-weight":"normal","font-style":"","subset":"","text-align":"","text-transform":"","font-size":"16","line-height":"28","letter-spacing":"0","color":"#ffffff","type":"google","unit":"px"},"agencies-sidebar-position":"right-sidebar","agencies-post-style":"style-one","agency-excerpt-length":"17","agency-enable-social-icons":"1","agencies-show":"6","sl_agency_single_bg_color":"","agency-single-title-bg":{"background-color":"#00bbff","background-gradient-color":"rgba(62,42,211,0.8)","background-gradient-direction":"135deg","background-image":{"url":"https:\/\/luxus.wplistingthemes.com\/wp-content\/uploads\/2021\/06\/title-bg-1.webp","id":"3946","width":"1600","height":"609","thumbnail":"https:\/\/luxus.wplistingthemes.com\/wp-content\/uploads\/2021\/06\/title-bg-1-150x150.webp","alt":"","title":"title-bg-1","description":""},"background-position":"center center","background-repeat":"no-repeat","background-attachment":"","background-size":"cover"},"agency-single-title":{"font-family":"Inter","font-weight":"700","font-style":"","subset":"","text-align":"","text-transform":"","font-size":"34","line-height":"44","letter-spacing":"0","color":"#ffffff","type":"google","unit":"px"},"agency-single-title-pt":"60","agency-single-title-pb":"180","agency-single-title-mt":"0","agency-single-title-mb":"0","agency-enable-address":"1","agency-single-address":{"font-family":"Roboto","font-weight":"normal","font-style":"","subset":"","text-align":"","text-transform":"","font-size":"16","line-height":"28","letter-spacing":"0","color":"#ffffff","type":"google","unit":"px"},"agency-single-sidebar-position":"left-sidebar","agency-single-post-view":"list-view","agency-enable-reviews":"1","agency-enable-map":"1","agency-single-content-pt":"60","agency-single-content-pb":"60","contact-notify-author":"1","contact-notify-admin":"1","schedule-notify-author":"1","schedule-notify-admin":"1","dashboard-header-bg-color":"#090909","dashboard-logo":{"url":"","id":"","width":"","height":"","thumbnail":"","alt":"","title":"","description":""},"dashboard-logo-width":"150","dashboard-header-line-height":"90","dash-main-menu-position":"left","dashboard-main-menu-font":{"font-family":"Roboto","font-weight":"500","font-style":"","text-transform":"","font-size":"16","type":"google","unit":"px"},"dashboard-main-menu-color":{"color":"#ffffff","hover":""},"dashboard-sub-main-menu-color":{"color":"#6e7488","hover":""},"dash-mob-header-breakpoint":"1200","dash-mob-menu-breadcrumb-color":"#00bbff","dash-mob-menu-breadcrumb-hcolor":"#00bbff","dashboard-user-avatar":"Array","dashboard-user-avatar-size":{"width":"40","height":"40","unit":"px"},"dashboard-user-avatar-border-r":"100","dashboard-right-btn":"1","dashboard-right-btn-text":"Add Property","dashboard-right-btn-link":"https:\/\/luxus.wplistingthemes.com\/add-property","dashboard-right-btn-text-color":{"color":"#ffffff","hover":"#ffffff"},"dashboard-right-btn-border":{"top":"2","right":"2","bottom":"2","left":"2","style":"solid","color":""},"dashboard-right-btn-border-h":{"top":"2","right":"2","bottom":"2","left":"2","style":"solid","color":""},"dashboard-right-btn-border-r":"3","dashboard-right-btn-bg":"","dashboard-right-btn-bg-h":"","my-properties-show":"9","fav-properties-show":"9","messages-show":"10","sl-theme-color":"#00bbff","sl-secondary-color":"#3E2AD3","sl-light-color":"#F2FBFF","sl-dark-color":"#00072D","sl-text-color":"#54595f","sl-btn-color":"#00bbff","sl-btn-hcolor":"#00afef","body-bg-color":"#ffffff","back-to-top":"1","enable-preloader":"1","preloader-bg-color":"#ffffff","preloader-icon":{"url":"","id":"","width":"","height":"","thumbnail":"","alt":"","title":"","description":""},"sl-signup-slug":"signup","sl-map-api":"AIzaSyDyDdOsUkUKONAziAAoIBJgqVo4_uvYY1E","site-header":"classic-header","brand-logo":{"url":"https:\/\/luxus.wplistingthemes.com\/wp-content\/uploads\/2022\/05\/Luxus.webp","id":"13793","width":"258","height":"85","thumbnail":"https:\/\/luxus.wplistingthemes.com\/wp-content\/uploads\/2022\/05\/Luxus-150x85.webp","alt":"","title":"Luxus","description":""},"brand-logo-width":"150","header-width":"container","site-header-line-height":"92","header-bg-color":"","main-menu-position":"center","main-menu-font":{"font-family":"Roboto","font-weight":"500","font-style":"","text-transform":"","font-size":"16","type":"google","unit":"px"},"main-menu-color":{"color":"#00072d","hover":"#00bbff"},"sub-menu-color":{"color":"#00072d","hover":"#00bbff"},"active-menu-color":"#00bbff","sub-menu-bg":"#ffffff","sub-menu-link-bg":"#ffffff","sub-menu-bg-h":"#e7f7fe","sticky-header":"1","sticky-logo":{"url":"","id":"","width":"","height":"","thumbnail":"","alt":"","title":"","description":""},"sticky-header-bg-color":"#ffffff","sticky-menu-color":{"color":"#00072d","hover":"#00bbff"},"sticky-sub-menu-color":{"color":"#00072d","hover":"#00bbff"},"sticky-active-menu-color":"#00bbff","sticky-sub-menu-bg":"#ffffff","sticky-sub-menu-link-bg":"","sticky-sub-menu-link-bg-h":"","user-avatar":"1","user-avatar-text":"Login","user-avatar-text-color":{"color":"","hover":""},"user-avatar-text-color-sticky":{"color":"","hover":""},"right-btn":"1","right-btn-text":"Add Property","right-btn-link":"https:\/\/luxus.wplistingthemes.com\/add-property","right-btn-text-color":{"color":"","hover":""},"right-btn-border":{"top":"","right":"","bottom":"","left":"","style":"solid","color":""},"right-btn-border-h":{"top":"","right":"","bottom":"","left":"","style":"solid","color":""},"right-btn-border-r":"3","right-btn-bg":"","right-btn-bg-h":"","mob-header-breakpoint":"1200","mob-brand-logo-width":"150","mob-header-line-height":"80","mob-header-bg":"#00072d","mob-menu-avatar-color":"#ffffff","mob-menu-breadcrumb-color":"#ffffff","mob-menu-breadcrumb-hcolor":"","mob-menu-font":{"font-family":"Roboto","font-weight":"500","font-style":"","text-transform":"","font-size":"16","color":"#ffffff","type":"google","unit":"px"},"mob-menu-font-hcolor":"","mob-menu-font-acolor":"","mob-menu-ico":"#ffffff","mob-menu-ico-hcolor":"","mob-menu-bg":"#000e50","enable-page-title":"1","page-header-bg":{"background-color":"#00bbff","background-gradient-color":"rgba(62,42,211,0.8)","background-gradient-direction":"135deg","background-image":{"url":"https:\/\/luxus.wplistingthemes.com\/wp-content\/uploads\/2021\/06\/title-bg-1.webp","id":"3946","width":"1600","height":"609","thumbnail":"https:\/\/luxus.wplistingthemes.com\/wp-content\/uploads\/2021\/06\/title-bg-1-150x150.webp","alt":"","title":"title-bg-1","description":""},"background-position":"center center","background-repeat":"no-repeat","background-attachment":"","background-size":"cover"},"page-title":{"font-family":"Inter","font-weight":"700","font-style":"","subset":"","text-align":"","text-transform":"","font-size":"34","line-height":"44","letter-spacing":"0","color":"#ffffff","type":"google","unit":"px"},"page-header-pt":"60","page-header-pb":"60","page-header-mt":"0","page-header-mb":"0","enable-breadcrumb":"1","sl_breadcrumb":{"font-family":"Roboto","font-weight":"normal","font-style":"","subset":"","text-align":"","text-transform":"","font-size":"14","line-height":"28","letter-spacing":"0","color":"#ffffff","type":"google","unit":"px"},"sl_page_bg_color":"","sl_page_pt":"60","sl_page_pb":"60","sl_blog_page_bg_color":"","sidebar-position":"right-sidebar","post-view":"grid-view","masonry-view":"1","post-style":"style-two","post-excerpt-length":"130","sl_blog_single_bg_color":"","blog-single-sidebar":"1","post-header-bg":{"background-color":"#00bbff","background-gradient-color":"rgba(62,42,211,0.8)","background-gradient-direction":"135deg","background-image":{"url":"https:\/\/luxus.wplistingthemes.com\/wp-content\/uploads\/2021\/06\/title-bg.webp","id":"3945","width":"1600","height":"692","thumbnail":"https:\/\/luxus.wplistingthemes.com\/wp-content\/uploads\/2021\/06\/title-bg-150x150.webp","alt":"","title":"title-bg","description":""},"background-position":"center center","background-repeat":"no-repeat","background-attachment":"","background-size":"cover"},"post-title":{"font-family":"Inter","font-weight":"700","font-style":"","subset":"","text-align":"left","text-transform":"","font-size":"34","line-height":"44","letter-spacing":"0","color":"#ffffff","type":"google","unit":"px"},"post-header-pt":"80","post-header-pb":"80","sl_blog_archive_bg_color":"","body-font":{"font-family":"Roboto","font-weight":"normal","font-style":"","subset":"","text-align":"","text-transform":"","font-size":"16","line-height":"24","letter-spacing":"","type":"google","unit":"px"},"theme-font-h1":{"font-family":"Inter","font-weight":"700","font-style":"","subset":"","text-align":"","text-transform":"","font-size":"44","line-height":"50","letter-spacing":"0","color":"#00072d","type":"google","unit":"px"},"theme-font-h2":{"font-family":"Inter","font-weight":"700","font-style":"","subset":"","text-align":"","text-transform":"","font-size":"34","line-height":"44","letter-spacing":"0","color":"#00072d","type":"google","unit":"px"},"theme-font-h3":{"font-family":"Inter","font-weight":"700","font-style":"","subset":"","text-align":"","text-transform":"","font-size":"28","line-height":"38","letter-spacing":"0","color":"#00072d","type":"google","unit":"px"},"theme-font-h4":{"font-family":"Inter","font-weight":"700","font-style":"","subset":"","text-align":"","text-transform":"","font-size":"24","line-height":"34","letter-spacing":"0","color":"#00072d","type":"google","unit":"px"},"theme-font-h5":{"font-family":"Inter","font-weight":"700","font-style":"","subset":"","text-align":"","text-transform":"","font-size":"20","line-height":"28","letter-spacing":"0","color":"#00072d","type":"google","unit":"px"},"theme-font-h6":{"font-family":"Inter","font-weight":"600","font-style":"","subset":"","text-align":"","text-transform":"","font-size":"18","line-height":"24","letter-spacing":"0","color":"#00072d","type":"google","unit":"px"},"site-footer":"15729","footer-columns":"four","footer-width":"container-fluid","footer-bg":{"background-color":"#00072b","background-gradient-color":"rgba(0,28,85,0.9)","background-gradient-direction":"-135deg","background-image":{"url":"https:\/\/luxus.wplistingthemes.com\/wp-content\/uploads\/2021\/06\/footer-bg-1.webp","id":"3963","width":"1920","height":"760","thumbnail":"https:\/\/luxus.wplistingthemes.com\/wp-content\/uploads\/2021\/06\/footer-bg-1-150x150.webp","alt":"","title":"footer-bg-1","description":""},"background-position":"center center","background-repeat":"repeat","background-attachment":"","background-size":"cover"},"enable-footer-bottom":"1","footer-bottom-bg":"#00072b","footer-bottom-text":"Copyright \u00a9 2024 Luxus. All Rights Reserved"}